0.003623021,0.019558368,0.015935346,-0.00772713,-0.004104108,0.011831238,-0.000671611,0.002170625,0.033871008,0.052106359,0.039651543,0.022363323
0.004079953,0.003598687,-0.000481266,-0.002559547,0.001520406,0.00103914,-0.010715572,-0.016014668,-0.002332083,0.016147528,0.017620003,0.009507828
-0.004188062,-0.009463731,-0.00527567,0.004550598,0.000362536,-0.004913134,0.006405002,0.009374649,-0.010753653,-0.026463895,-0.023330764,-0.013314661
0.000968994,0.006572687,0.005603693,-0.002513894,-0.0015449,0.004058793,0.001524265,0.002509982,0.012337,0.010619468,0.006747085,0.004677029
0.002636415,-0.0001688,-0.002805215,-0.000822538,0.001813877,-0.000991338,-0.002044243,-0.007325591,-0.004803631,0.010173703,0.011905343,0.005473422
-0.003238601,-6.53E-06,0.003232075,0.001081709,-0.002156892,0.001075183,-0.010109389,-0.006204048,-0.00112769,-0.002009752,-0.001650982,-0.000730381
-0.007787038,-0.001090352,0.006696686,0.00295913,-0.004827908,0.001868778,-0.009818143,-0.014752525,-0.00062554,-0.021069781,-0.011198393,-0.003387811
-0.00785304,-0.015003364,-0.007150324,0.007618802,-0.000234239,-0.007384563,-0.000244307,0.0091491,-0.004967194,-0.028898178,-0.012621032,-0.007666623
-0.004142467,-0.021839038,-0.017696571,0.008660502,0.004518034,-0.013178536,0.004543459,0.024709162,0.011160888,-0.000625605,0.007825875,-0.00206356
-0.002381584,-0.020207008,-0.017825423,0.00752953,0.005147946,-0.012677477,-0.000927017,0.005774967,0.011646532,0.017243804,0.018513613,0.001011726
-0.00606856,-0.012536632,-0.006468073,0.006201731,0.000133171,-0.006334902,0.001744245,-0.034937028,-0.009641329,0.001894035,0.003651027,0.00055819
-0.02051061,-0.016944662,0.003565947,0.012485091,-0.008025519,-0.004459571,0.017304135,-0.064485634,-0.079563522,-0.081775115,-0.05576587,-0.024908059
-0.030015298,-0.022074325,0.007940973,0.017363208,-0.01265209,-0.004711117,0.043672813,-0.038330001,-0.092475859,-0.109481515,-0.074661843,-0.034620598
-0.016730302,-0.01959682,-0.002866518,0.012109041,-0.004621261,-0.007487779,0.047540763,0.00217305,-0.045937075,-0.065692735,-0.046522441,-0.017966659
-0.000548034,-0.007444135,-0.006896101,0.002664056,0.002116023,-0.004780079,0.012478661,0.028833933,0.005523246,-0.008786772,-0.011034862,-0.007525519
0.009700458,0.008845344,-0.000855114,-0.006181934,0.003518524,0.00266341,-0.03121732,0.012129927,0.048074857,0.058460158,0.040209817,0.016821968
0.012712607,0.02142473,0.008712123,-0.011379112,0.001333494,0.010045618,-0.033466632,-0.018558446,0.022266922,0.040305242,0.03134591,0.016826115
-0.002611069,-0.008209512,-0.005598443,0.00360686,0.000995791,-0.004602652,0.024996063,0.006907652,-0.01682446,-0.024105115,-0.016347198,-0.007835159
-0.007394706,-0.004599459,0.002795247,0.003998055,-0.003396651,-0.000601404,-0.003261887,0.003111689,0.000509816,-0.005343295,-0.007085975,-0.003679689
0.005943018,0.009816416,0.003873397,-0.005253145,0.000689874,0.004563271,-0.027354989,-0.010469202,0.010659804,0.018074613,0.014619573,0.004654994
0.007731667,-0.002533338,-0.010265005,-0.001732777,0.005998891,-0.004266114,0.01111908,0.000384277,-0.001511862,0.004426472,0.009130592,0.012704368
0.00379748,0.00695484,0.003157361,-0.003584107,0.000213373,0.003370734,0.044909316,0.018982907,0.003710646,-0.000120261,-0.007598053,-0.011413681
0.006540895,0.012138574,0.005597679,-0.00622649,0.000314405,0.005912084,0.064828596,0.03905924,0.01501708,0.008021079,0.00067037,3.18E-05
-0.000717746,-0.005729268,-0.005011522,0.002149005,0.001431259,-0.003580263,0.079752357,0.052190326,0.02329937,0.020508591,0.013768394,0.011671284
-0.013548305,-0.032145306,-0.018597001,0.015231204,0.001682899,-0.016914102,0.043295207,0.012821613,-0.01447444,-0.006656833,-0.003233343,-0.008100557
-0.012739978,-0.028152585,-0.015412607,0.013630854,0.000890876,-0.014521731,-0.017871399,-0.022745143,-0.034771145,-0.023120704,-0.021039016,-0.020032285
0.004497712,-0.013273874,-0.017771586,0.002925388,0.007423099,-0.010348487,-0.0191571,-0.014965616,-0.023939682,-0.010359453,-0.001572589,0.002151705
0.003148422,-0.009930257,-0.01307868,0.002260612,0.005409034,-0.007669646,-0.015267324,-0.024297683,-0.027035819,-0.014272832,-0.005563975,-6.69E-05
-0.005335916,-0.009687503,-0.004351587,0.005007806,-0.00032811,-0.004679696,-0.004970936,-0.03116726,-0.031594911,-0.032980813,-0.029327971,0.002162899
-0.003005063,-0.007996115,-0.004991052,0.003667059,0.000661997,-0.004329056,0.003056338,-0.020907035,-0.011309255,-0.016112614,-0.015043071,0.011331516
0.000204538,-0.00358601,-0.003790549,0.001127157,0.001331696,-0.002458853,-0.00351136,-0.002519135,0.026390688,0.009228717,0.012335094,0.016932877
-0.001807696,-0.004513664,-0.002705969,0.00210712,0.000299424,-0.002406544,-0.002064629,0.010658514,0.036993649,0.006180896,0.019903921,0.006522218
-0.010602313,-0.01191109,-0.001308777,0.007504468,-0.003097845,-0.004406623,-0.003685682,0.006334241,0.00886111,-0.032748356,-0.002232014,-0.013878499
-0.024888727,-0.029169632,-0.004280905,0.018019453,-0.006869274,-0.011150179,0.008612887,-0.014531509,-0.056267463,-0.089809557,-0.055238488,-0.042105954
-0.030495623,-0.026791921,0.003703702,0.019095848,-0.011399775,-0.007696073,-0.01084213,-0.034259851,-0.086228436,-0.102290267,-0.082316858,-0.053123605
-0.012150254,-0.015788932,-0.003638678,0.009313062,-0.002837192,-0.00647587,-0.034563038,-0.028504131,-0.048017864,-0.063261167,-0.045073721,-0.018246696
0.002847812,0.000838829,-0.002008982,-0.00122888,0.001618931,-0.000390051,-0.004789638,-0.002578446,-0.007056929,-0.019824361,-0.016119963,-0.00329254
0.007824868,0.018372527,0.010547659,-0.008732465,-0.000907597,0.009640062,0.013919227,0.024988655,0.03873907,0.032361649,0.018358604,0.007969514
0.008312125,0.004790208,-0.003521917,-0.004367444,0.003944681,0.000422764,0.015752125,0.012117896,0.026948927,0.049308519,0.046401536,0.029707768
-0.004072633,-0.008244548,-0.004171916,0.004105727,3.31E-05,-0.004138821,-0.013487481,-0.018898584,-0.018694155,-0.014655192,-0.015050683,-0.018544632
-0.00027722,0.003626647,0.003903867,-0.001116476,-0.001393696,0.002510172,-0.004816281,0.007614214,0.000779485,-0.013570862,-0.008690169,0.005349085
0.003368418,0.007003437,0.003635019,-0.003457285,-8.89E-05,0.003546152,0.035155589,0.016363119,0.015366424,0.021607823,0.01599563,0.006854743
-0.003554785,-0.003562419,-7.63E-06,0.002372401,-0.001182384,-0.001190017,-0.017666496,-0.020661654,-0.011145435,-0.004353497,-0.002174644,-0.008843781
-0.000632995,-0.015529751,-0.014896756,0.005387582,0.004754587,-0.010142169,-0.064369324,-0.030196762,-0.014672507,-0.007597156,-0.006080833,-0.003759234
0.010087138,-0.011682199,-0.021769337,0.000531687,0.010618825,-0.011150512,-0.066683618,-0.015501573,-0.00652271,-0.00330839,-0.010073034,-0.007316593
0.009098443,-0.024872252,-0.033970696,0.005257936,0.01435638,-0.019614316,-0.034039175,0.010796404,0.00222847,0.011451987,0.007809396,-0.002158598
0.009656403,-0.028665269,-0.038321671,0.006336289,0.015992691,-0.02232898,0.008923551,0.036230425,0.019589741,0.020607851,0.007752931,0.002273272
0.00322606,-0.021060547,-0.024286607,0.005944829,0.009170889,-0.015115718,0.030316329,0.047968337,0.035041857,0.025014527,0.007988848,0.006935734
-0.00439621,-0.012874296,-0.008478086,0.005756835,0.001360625,-0.00711746,0.062387937,0.056008119,0.039247503,0.027551733,0.005585892,-0.011529658
-0.018832654,-0.025122368,-0.006289714,0.014651674,-0.00418098,-0.010470694,0.064837703,0.024737014,0.014067805,0.009357583,-0.001796446,-0.005480818
-0.016493478,-0.028424237,-0.011930759,0.014972572,-0.001520906,-0.013451666,-0.005855193,-0.018616385,-0.007655696,-0.004966202,-0.008592709,-0.004634078
-0.012537218,-0.007709179,0.004828039,0.006748799,-0.005788419,-0.00096038,-0.040806316,-0.032731868,-0.022686824,-0.016188069,-0.014307113,-0.009620019
-0.010786111,-0.011951819,-0.001165708,0.00757931,-0.003206801,-0.004372509,-0.032453884,-0.026946916,-0.023246735,-0.019621935,-0.019356489,-0.009631557
-0.002396857,0.001013573,0.003410429,0.000461095,-0.001935762,0.001474667,-0.015579354,-0.015257644,-0.008569364,-0.000593878,-0.004459516,-0.003009423
-0.008560548,-0.010239742,-0.001679194,0.006266763,-0.002293784,-0.003972979,-0.015182463,-0.008565576,-0.029544371,-0.025984486,-0.013849503,-0.017490001
-0.01159873,-0.015655628,-0.004056898,0.009084786,-0.002513944,-0.006570842,-0.012121613,0.004765562,-0.032469719,-0.032610882,-0.012077764,-0.019717062
-0.005441731,-0.001875809,0.003565922,0.00243918,-0.003002551,0.000563371,0.003354189,0.016141762,0.00105224,-0.001163257,0.01193191,-0.000769059
-0.001005658,0.005441074,0.006446732,-0.001478472,-0.00248413,0.003962602,0.008507383,0.014846392,0.025697278,0.023825051,0.027327877,0.013051681
-0.005662955,-0.000919097,0.004743858,0.002194017,-0.003468938,0.00127492,-0.007133366,-0.00602775,0.013553985,0.011449075,0.010712412,0.005710779
-0.017248718,-0.020364744,-0.003116026,0.012537821,-0.004710897,-0.007826923,-0.036149574,-0.035405406,-0.03598088,-0.042563007,-0.03539722,-0.022181571
-0.026389268,-0.033020011,-0.006630743,0.019803093,-0.006586175,-0.013216918,-0.045133454,-0.051210502,-0.079678794,-0.09459035,-0.077137847,-0.044200443
-0.016187481,-0.021747115,-0.005559633,0.012644866,-0.003542616,-0.009102249,-0.026853435,-0.03605007,-0.060484084,-0.079882813,-0.070134694,-0.037257563
-0.005354117,-0.005512189,-0.000158072,0.003622102,-0.001732015,-0.001890087,-0.003950361,-0.018358582,-0.027805085,-0.037400392,-0.031318679,-0.01486649
0.006015738,0.011625757,0.005610019,-0.005880498,0.00013524,0.005745258,0.017930007,0.015610364,0.015433853,0.00852049,0.003677078,0.00910832
0.008421664,0.005127151,-0.003294513,-0.004516272,0.003905392,0.000610879,0.023935523,0.030403541,0.040910845,0.050993521,0.041512226,0.018954255
0.000125615,0.002007179,0.001881564,-0.000710931,-0.000585316,0.001296248,-0.02596844,-0.01445726,-0.0023282,0.011042816,0.014480084,0.001864501
-0.004502463,-0.00624213,-0.001739667,0.003581531,-0.000920932,-0.002660599,-0.003101709,-0.002330964,-0.009949031,-0.023310183,-0.02396652,-0.009398374
0.00565246,0.006399168,0.000746708,-0.004017209,0.001635251,0.002381959,0.035478075,0.014288513,0.00726775,0.0093373,0.007934506,0.005720048
-0.000551399,0.003398046,0.003949445,-0.000948882,-0.001500281,0.002449164,-0.026031999,-0.009136476,0.00373004,0.015438612,0.020263157,0.009605679
-0.006414027,-0.01234977,-0.005935743,0.006254599,-0.000159428,-0.006095171,-0.04945387,-0.015871777,-0.003007284,-0.006888121,-0.013572851,-0.014039677
-0.003607202,-0.013879596,-0.010272395,0.005828933,0.002221731,-0.008050664,-0.042690246,-0.008932628,0.003520146,-0.009157502,-0.016348743,-0.018004784
-0.000291613,-0.0074122,-0.007120587,0.002567938,0.002276325,-0.004844262,-0.013574638,0.010372118,0.014710534,0.004288625,-0.013493924,-0.023470708
0.004667641,0.008342331,0.00367469,-0.004336658,0.000330984,0.004005674,0.004514846,0.017337881,0.017681014,-0.000282208,0.001775254,-0.00021425
0.007308088,0.022856338,0.01554825,-0.010054809,-0.002746721,0.012801529,0.02289987,0.030520343,0.024560715,-0.032318024,0.012333998,0.007225104
0.005713075,0.018158691,0.012445616,-0.007957256,-0.00224418,0.010201436,0.023173896,0.03975565,0.032948992,-0.030352691,0.031958211,0.018262985
-0.000246959,-0.002172174,-0.001925216,0.000806378,0.000559419,-0.001365797,0.006364342,0.023100592,0.017258819,-0.013147839,0.029551278,0.01533311
-0.007129704,-0.016393391,-0.009263686,0.007841032,0.000711327,-0.008552359,-0.015503368,-0.00977025,-0.017982956,-0.00790775,-0.002439154,0.001235285
-0.013971602,-0.016757412,-0.00278581,0.010243005,-0.003728598,-0.006514407,-0.032724208,-0.035620832,-0.05076381,-0.036668815,-0.049769777,-0.018717365
-0.019390896,-0.007413854,0.011977041,0.008934917,-0.010455979,0.001521062,-0.043711023,-0.042090724,-0.066077061,-0.093787565,-0.08343407,-0.040914484
-0.017611898,-0.00849378,0.009118118,0.008701893,-0.008910005,0.000208113,-0.02913758,-0.01862953,-0.051752349,-0.10434573,-0.084346636,-0.047605269
-0.011005679,-0.000552212,0.010453468,0.00385263,-0.007153049,0.003300419,-0.01396443,0.001301671,-0.023506318,-0.062711802,-0.05319242,-0.035342516
-0.003640905,0.002975494,0.006616399,0.000221803,-0.003419101,0.003197298,0.001192708,0.008819197,0.009931937,-0.010405208,-0.012667172,-0.000573658
0.009079711,-0.001836119,-0.01091583,-0.00241453,0.00666518,-0.00425065,0.015236285,0.013571718,0.033309349,0.059169379,0.051172127,0.033385567
0.007215344,0.006389472,-0.000825872,-0.004534939,0.002680405,0.001854533,0.000660759,-0.012938652,-0.006925879,0.0223933,0.018608459,0.00157189
-0.008075194,-0.001957323,0.00611787,0.003344172,-0.004731021,0.001386849,-0.013561833,-0.001705652,-0.006373097,-0.029353743,-0.026129045,-0.011996314
0.0050382,0.000251179,-0.004787021,-0.001763126,0.003275073,-0.001511947,0.018453981,0.017015902,0.017274872,0.018307479,0.017188807,0.014002935
0.002997788,-0.004692839,-0.007690627,0.000565017,0.003562805,-0.004127822,0.004495937,-0.012274816,-0.011911558,0.007006406,0.006130753,-0.001401891
-0.007820513,0.014822424,0.022642937,-0.00233397,-0.010154483,0.012488454,-0.054076139,-0.032962111,-0.015766269,-0.008022635,-0.013395849,-0.0207017
-0.004858149,0.025043022,0.029901171,-0.006728291,-0.01158644,0.018314731,-0.047475848,-0.020438512,-0.004676068,-0.008371286,-0.014284765,-0.010823084
-0.000870665,0.021483224,0.022353889,-0.006870853,-0.007741518,0.014612371,-0.043317086,-0.019365663,0.008283818,0.002660589,-0.002488274,-0.001593249
0.00094589,0.018556532,0.017610642,-0.006500808,-0.005554917,0.012055725,-0.027095738,-0.003506679,0.021620943,0.0091149,0.000372498,-0.000249553
0.003110373,0.011585163,0.00847479,-0.004898512,-0.001788139,0.006686651,-0.000775625,0.016430783,0.037673643,0.014036679,0.004338345,0.0029512
0.011079904,0.005124278,-0.005955626,-0.005401394,0.00567851,-0.000277116,0.014416188,0.006800518,0.031818335,0.012751771,-0.008386164,0.008273225
0.003806322,-0.006509532,-0.010315854,0.00090107,0.004707392,-0.005608462,0.010231663,-0.009331091,-0.009499633,0.001416142,-0.022805038,-0.002412324
0.000989625,-0.005608652,-0.006598278,0.001539676,0.002529301,-0.004068977,0.004049737,-0.010767032,-0.02271876,0.009775959,-0.00499258,-0.001951599
0.000592345,0.003364136,0.002771791,-0.001318827,-0.000726482,0.002045309,0.006620023,0.001437859,-0.001385498,0.024827136,0.028724311,0.005655665
-0.00026554,0.003624249,0.003889789,-0.00111957,-0.00138511,0.00250468,0.008025424,0.002812765,0.012773718,0.011704023,0.036380368,0.010378519
-0.010812284,-0.00647074,0.004341544,0.005761008,-0.005051276,-0.000709732,0.004390915,-0.022525511,-0.015241311,-0.047970987,-0.007507994,-0.005336495
-0.022871273,-0.024768582,-0.001897309,0.015879952,-0.006991321,-0.00888863,-0.011618865,-0.057385262,-0.077424425,-0.111767686,-0.068725715,-0.027758737
-0.02993259,-0.027239245,0.002693345,0.019057278,-0.010875311,-0.008181966,-0.021159141,-0.063584351,-0.107641266,-0.115824993,-0.081102166,-0.03588952
-0.022538327,-0.008257206,0.014281122,0.010265178,-0.01227315,0.002007972,-0.005595256,-0.03929084,-0.053371182,-0.063254203,-0.047876185,-0.023617959
0.003711889,0.01053926,0.00682737,-0.004750383,-0.001038494,0.005788877,0.013090522,0.015107357,0.023642676,0.011019716,0.003481075,0.001324712
0.02001858,0.013529483,-0.006489096,-0.011182688,0.008835892,0.002346796,0.002091089,0.0360665,0.065986057,0.073566535,0.051460474,0.019000506
0.002620357,-0.00194308,-0.004563436,-0.000225759,0.002394598,-0.002168839,-0.007533055,-0.002547319,-0.005614079,0.007943938,0.011426597,0.008458554
-0.010250891,-0.003483611,0.00676728,0.004578167,-0.005672724,0.001094556,0.007348046,-0.010464037,-0.019097943,-0.031449687,-0.026487973,-0.012461401
0.007707587,0.008353395,0.000645808,-0.005353661,0.002353927,0.002999734,-0.008868635,0.006937988,0.025451822,0.022869114,0.014139536,0.000712237
0.00353424,-1.72E-05,-0.003551396,-0.001172361,0.002361879,-0.001189517,-0.007359211,0.001560247,0.000351161,0.010796885,0.013063171,0.010253415
-0.003961919,-0.004210507,-0.000248588,0.002724142,-0.001237777,-0.001486365,0.015758374,-0.001039048,-0.017578309,-0.008958433,-0.004348728,0.004744928
-0.01510329,-0.017949752,-0.002846462,0.011017681,-0.00408561,-0.006932071,0.041777074,0.00953961,-0.015609461,-0.00859007,-0.004660282,0.004082329
-0.00342044,-0.017868534,-0.014448094,0.007096324,0.003675885,-0.010772209,0.054640556,0.02131696,-0.016644127,-0.011331734,-0.007479137,0.004595827
-0.005638035,-0.017933226,-0.012295191,0.007857087,0.002219052,-0.010076139,0.066163058,0.037016815,-0.002475509,-0.000543958,0.001652075,0.00592815
-0.005174689,-0.018065558,-0.012890869,0.007746749,0.00257206,-0.010318809,0.07341626,0.049427192,0.014511708,0.008174722,0.002950541,0.001337508
0.012738411,-0.009670729,-0.02240914,-0.001022561,0.01171585,-0.01069329,0.031420311,0.041575904,0.012030799,0.010906174,0.010072244,0.012722425
0.016635674,-0.017288896,-0.03392457,0.000217741,0.016853415,-0.017071156,-0.023003425,0.015372597,-0.004838095,0.008176371,0.01126876,0.014570472
0.015486313,-0.01104509,-0.026531402,-0.001480407,0.014005905,-0.012525497,-0.036283162,-0.006906815,-0.020222699,-0.006634926,0.003957195,0.00884447
0.004734051,-0.003752625,-0.008486676,-0.000327142,0.004406909,-0.004079767,-0.029078708,-0.027563729,-0.031361584,-0.011852105,-0.000184418,0.010140896
-0.00049471,0.005301086,0.005795796,-0.001602125,-0.002096835,0.00369896,-0.020730105,-0.021196451,-0.026427395,-0.014841861,-0.00172348,0.000757255
-0.004315615,0.003168439,0.007484054,0.000382392,-0.003933223,0.003550831,-0.028597578,0.012138646,0.000783229,-0.00638408,0.015149277,0.003395917
-0.007482607,-0.009266473,-0.001783866,0.005583026,-0.00189958,-0.003683446,-0.044747499,0.013208816,0.01143613,0.012992523,0.025476509,0.000752387
-0.004906827,-0.019316257,-0.014409431,0.008074361,0.003167535,-0.011241896,-0.050606901,-0.005818683,-0.0006069,0.015026548,0.018573135,0.005708531
-0.000839516,-0.012568185,-0.011728669,0.004469234,0.003629718,-0.008098951,-0.02451338,-0.018748742,-0.019444657,-0.006743532,-0.012250106,0.006661308
-0.000885625,0.002271269,0.003156894,-0.000461881,-0.001347507,0.001809388,0.036653853,-0.002146593,-0.023379122,-0.037571479,-0.049851097,0.004311987
-0.003890157,0.013875333,0.01776549,-0.003328392,-0.007218549,0.010546941,0.056964604,0.024622904,-0.019941633,-0.067777116,-0.064255545,-0.014486039
-0.010029843,0.009982728,0.020012572,1.57E-05,-0.010014138,0.009998433,0.062777539,0.042057925,-0.001197873,-0.054762529,-0.044928245,-0.01708846
-0.010727733,-0.006795465,0.003932268,0.005841066,-0.004886667,-0.000954399,0.063589702,0.024226962,-0.001736163,-0.034697537,-0.03161178,-0.015454635
-0.00486876,-0.005010084,-0.000141324,0.003292948,-0.001575812,-0.001717136,-0.01955793,-0.018019261,-0.006745597,-0.009206952,-0.002218741,0.001682349
0.007821942,0.003850031,-0.003971911,-0.003890657,0.003931284,-4.06E-05,-0.04860395,-0.014649496,0.015245908,0.035066524,0.02314973,0.006723148
0.002515895,-0.00064579,-0.003161685,-0.000623369,0.001892527,-0.001269158,0.004366271,0.005768372,-0.000151614,0.00631304,0.006150932,0.001081082
-0.005304071,-0.00359256,0.001711511,0.002965543,-0.002338527,-0.000627016,0.023815271,0.010265177,-0.00714596,-0.030057115,-0.020197706,-0.00592516
-0.00057891,0.003500881,0.004079792,-0.00097399,-0.001552901,0.002526891,-0.013820173,-0.004754032,0.012286253,0.010932066,0.001940901,-0.001541514
0.001005246,0.004134482,0.003129235,-0.001713243,-0.000707996,0.002421239,-0.028181934,-0.017984389,-0.003961676,0.010113626,0.007448207,0.002202315
-0.002291976,-0.010918682,-0.008626706,0.004403553,0.002111577,-0.006515129,0.004704205,0.001958805,-0.010372781,-0.011974568,-0.003555322,-0.001496277
0.008982478,-2.84E-05,-0.009010849,-0.002984703,0.005997776,-0.003013073,0.034480827,0.037062795,0.016516535,0.000610835,0.004999825,0.009616692
0.007664596,0.009449929,0.001785333,-0.005704841,0.001959754,0.003745087,0.072002458,0.055777894,0.023185324,0.000874633,-0.00191318,-0.004100543
-0.015657028,-0.01821944,-0.002562412,0.011292156,-0.004364872,-0.006927284,0.050229655,0.008312052,-0.023706738,-0.045478783,-0.03497453,-0.026120165
-0.021286558,-0.010428281,0.010858276,0.010571613,-0.010714944,0.000143332,-0.033692071,-0.045057845,-0.046326744,-0.064759588,-0.043015485,-0.0264257
-0.011675395,-0.008234791,0.003440604,0.006636729,-0.005038666,-0.001598063,-0.058339182,-0.038912812,-0.025188369,-0.045106873,-0.029005615,-0.01221475
-0.001998263,-0.002500759,-0.000502495,0.001499674,-0.000498589,-0.001001085,-0.053654836,-0.016898474,0.006177942,-0.023952755,-0.020410107,-0.008517752
-0.001994113,-0.004849886,-0.002855773,0.002281333,0.00028722,-0.002568553,-0.032036765,0.007855535,0.026678305,-0.004853949,-0.012415891,-0.005938929
-0.000217357,0.010646266,0.010863623,-0.003476303,-0.00369366,0.007169963,-0.008204952,0.026934701,0.051218013,0.012145476,-0.002832356,-0.003245079
0.001604954,0.01676161,0.015156655,-0.006122188,-0.004517234,0.010639422,0.001618642,0.039438345,0.035910661,0.030938362,0.010987699,0.004855187
-0.002444591,0.00764889,0.010093481,-0.001734766,-0.004179357,0.005914123,-0.020274195,0.008158708,-0.026307763,0.030062321,0.011264457,0.015160154
-0.000652252,0.002789947,0.003442199,-0.000712565,-0.001364817,0.002077382,-0.011581853,-0.022526445,-0.042426787,-0.017142081,-0.016408242,0.004807607
0.001684485,-0.000847355,-0.002531839,-0.000279043,0.001405441,-0.001126398,0.013001387,-0.018782069,-0.011087672,-0.035905629,-0.025318447,-0.005922422
0.003935678,0.00538843,0.001452753,-0.003108036,0.000827642,0.002280394,0.019777818,0.00679369,0.038392148,-0.016185429,-0.00822859,-0.00837756
0.001524828,0.011258123,0.009733295,-0.004260984,-0.002736155,0.006997139,-0.01366101,0.022366766,0.048270201,0.013645966,0.014020323,-0.000458752
-0.003987885,0.009395468,0.013383353,-0.001802528,-0.005790413,0.00759294,-0.061664962,0.004061631,-0.000287834,0.00044004,0.005548156,0.001803191
-0.013042832,-0.005543461,0.007499371,0.006195431,-0.006847401,0.00065197,-0.081891965,-0.033663434,-0.066593166,-0.054766894,-0.035503851,-0.011299802
-0.015599843,-0.020743882,-0.005144039,0.012114575,-0.003485268,-0.008629307,-0.056406052,-0.072401748,-0.119538029,-0.109968926,-0.069295983,-0.030466385
-0.016383432,-0.022716498,-0.006333066,0.01303331,-0.003350122,-0.009683188,-0.023721566,-0.056191268,-0.097575236,-0.093575886,-0.062680543,-0.034799191
-0.005002221,-0.010058028,-0.005055807,0.005020083,1.79E-05,-0.005037945,0.003517029,-0.002773043,-0.008021463,-0.020689452,-0.018594133,-0.009899745
0.011776027,0.015968365,0.004192338,-0.009248131,0.002527896,0.006720234,0.027383279,0.050298207,0.076136611,0.068111715,0.041823851,0.02094104
0.008985661,0.017460114,0.008474453,-0.008815259,0.000170403,0.008644856,-0.000727324,0.015387594,0.040618589,0.052838372,0.041545734,0.022304135
-0.006546271,-0.009667831,-0.00312156,0.005404701,-0.00114157,-0.00426313,-0.013171555,-0.018793952,-0.03264926,-0.039604702,-0.028889855,-0.014874737
0.002189346,-0.00116603,-0.003355376,-0.000341105,0.001848241,-0.001507135,0.024536728,0.015527067,0.012520513,0.015261107,0.008891825,0.003637583
0.003769091,0.015046507,0.011277415,-0.006271866,-0.002502775,0.008774641,-0.02733443,-0.004993304,0.017390506,0.019887602,0.01764438,0.009954054
-0.001432528,0.006206955,0.007639484,-0.001591476,-0.003024004,0.00461548,-0.053906928,-0.021095257,-0.002570256,-0.010967931,-0.003546554,0.002118979
0.000877986,0.003853852,0.002975866,-0.001577279,-0.000699294,0.002276573,-0.04180772,-0.009882252,-0.003898258,-0.01330793,-0.007443983,-0.001888349
-0.002222027,0.008803445,0.011025472,-0.002193806,-0.004415833,0.006609639,-0.022479146,0.000501245,0.007548943,-0.000993943,-0.007698546,-0.004142257
-0.000333207,0.007369274,0.007702481,-0.002345356,-0.002678563,0.005023918,0.003245365,0.015874174,0.015575444,-0.006410704,-0.009910665,-0.008547426
-0.007511359,-0.021025041,-0.013513682,0.009512133,0.002000774,-0.011512908,0.039312481,0.035090396,0.004891907,-0.038021357,-0.037427295,-0.022024993
-0.007571705,-0.020155469,-0.012583764,0.009242392,0.001670686,-0.010913078,0.075721211,0.066004443,0.03625048,0.010661531,-0.02946424,-0.013517202
-0.003128195,-0.01040924,-0.007281044,0.004512478,0.001384283,-0.005896761,0.089639022,0.067469894,0.033621315,0.050983056,-0.006441925,-0.002315184
0.00047034,-0.005891167,-0.006361507,0.001806942,0.002277283,-0.004084225,0.070853535,0.030419911,-0.010484312,0.041313194,0.006925727,-0.000464298
-0.001098428,-0.017981606,-0.016883178,0.006360011,0.005261584,-0.011621594,0.037579765,-0.015957987,-0.073237928,-0.023266143,-0.006562175,-0.015317306
-0.008805918,-0.033362083,-0.024556164,0.014056001,0.005250082,-0.019306082,-0.007217675,-0.044203609,-0.105726638,-0.096480454,-0.049210702,-0.036425092
-0.019322459,-0.040441207,-0.021118748,0.019921222,0.000598763,-0.020519985,-0.033383278,-0.024582578,-0.079181028,-0.119316662,-0.09236889,-0.050747907
-0.016757236,-0.025631879,-0.008874643,0.014129705,-0.002627531,-0.011502174,0.00245181,0.005190892,-0.0443638,-0.079608045,-0.063604833,-0.033866767
-0.011012758,0.00048311,0.011495867,0.003509883,-0.007502875,0.003992993,0.014950848,0.013219902,-0.005809959,-0.027749711,-0.024130485,-0.014585062
0.006933206,0.02052787,0.013594664,-0.009153692,-0.002220486,0.011374178,0.001411118,0.004068758,0.040269728,0.055737371,0.041671313,0.022255973
0.015156946,0.013406925,-0.00175002,-0.00952129,0.005635655,0.003885635,-0.017050214,-0.014928898,0.015579486,0.046447838,0.042326241,0.025129457
-0.006980869,-0.011109311,-0.004128441,0.00603006,-0.000950809,-0.005079251,0.001563484,0.002256451,-0.020418133,-0.038028633,-0.032071564,-0.018176533
-0.005280217,0.008320381,0.013600598,-0.001013388,-0.006293605,0.007306993,0.004793394,0.006907736,0.017091085,0.012110623,0.008210626,0.004209891
0.009379857,0.016215078,0.006835221,-0.008531645,0.000848212,0.007683433,-0.011912169,-0.009085274,0.009996029,0.028201714,0.02728627,0.015838711
0.007966808,-0.014599563,-0.022566371,0.002210918,0.010177727,-0.012388645,-0.014711317,-0.016130896,-0.020119875,-0.011804625,-0.009508042,-0.003269913
0.007613138,-0.025845103,-0.033458242,0.006077322,0.01369046,-0.019767781,0.000511578,-0.00234115,-0.021139056,-0.016783242,-0.017496194,-0.012269901
0.00293344,-0.03569906,-0.0386325,0.010921873,0.013855313,-0.024777187,0.021514678,0.016224518,-0.01261408,-0.015570122,-0.018282985,-0.011508272
0.00809045,-0.027014001,-0.03510445,0.00630785,0.0143983,-0.020706151,0.041503922,0.034593939,-0.001841186,-0.009551189,-0.017125554,-0.013545468
0.002085036,-0.027245753,-0.029330789,0.008386906,0.010471941,-0.018858847,0.068530159,0.052963037,0.003560501,-0.007793107,-0.018066099,-0.018236771
-0.001391119,-0.026859554,-0.025468435,0.009416891,0.008025772,-0.017442663,0.091528581,0.068602084,0.019539112,0.005008647,-0.002464478,-0.005156806
-0.008450521,-0.032452467,-0.024001946,0.01363433,0.005183808,-0.018818138,0.115620786,0.057703373,0.001905091,-0.005630416,-0.01162272,-0.011553846
-0.012441904,-0.032806814,-0.02036491,0.015082906,0.002641002,-0.017723908,0.033954882,-0.013636857,-0.038544549,-0.027033234,-0.020383571,-0.01148511
-0.004801974,-0.008364575,-0.003562601,0.00438885,-0.000413124,-0.003975725,-0.023082419,-0.033290043,-0.046090723,-0.025722003,-0.013234184,-0.004323572
-0.005140827,0.005173871,0.010314698,-1.10E-05,-0.005151842,0.005162856,-0.014483528,-0.002429332,-0.042672811,0.000991998,-0.010105904,-0.012912057
0.00418947,0.010270929,0.006081459,-0.004820133,-0.000630663,0.005450796,-0.010944005,0.013690182,-0.017060359,0.04648773,0.015289086,-0.005054056
0.004741828,-0.000630052,-0.00537188,-0.001370592,0.003371236,-0.002000644,0.008688989,0.01664618,0.002269524,0.059333818,0.022023432,0.001680648
-0.000865615,-0.013008731,-0.012143116,0.004624782,0.003759167,-0.008383949,0.021658653,0.004106191,-0.001675344,0.024135429,0.001703924,0.002043774
-0.007175211,-0.01830805,-0.011132839,0.00849442,0.001319209,-0.00981363,0.035073507,-0.004360634,-0.02381944,-0.037834879,-0.038545061,-0.011098482
-0.008605576,-0.016380489,-0.007774913,0.008328688,-0.000276888,-0.008051801,0.054961066,0.017039467,-0.048847901,-0.079421592,-0.058049369,-0.026402774
-0.007807105,-0.015213062,-0.007405957,0.007673389,-0.000133716,-0.007539673,0.066728483,0.041878643,-0.035464925,-0.067266813,-0.055705013,-0.037923879
-0.003326443,-0.004998267,-0.001671824,0.002774903,-0.00055154,-0.002223364,0.024726353,0.024920183,-0.023163117,-0.03879504,-0.032253799,-0.021933076
-0.002076509,-0.008894609,-0.0068181,0.003657039,0.00158053,-0.00523757,-0.009912281,0.006781949,-0.01036595,-0.016616702,-0.009145673,-0.004872582
0.000601367,0.002524842,0.001923475,-0.00104207,-0.000440702,0.001482772,-0.037691715,-0.010705685,0.030262492,0.023710734,0.011500557,0.006035664
0.000243134,0.012568424,0.01232529,-0.004270519,-0.004027385,0.008297905,-0.029239365,-0.015803316,0.035206253,0.039828284,0.026155221,0.013171512
0.001530548,-0.005162257,-0.006692805,0.00121057,0.002741117,-0.003951687,0.008824619,0.003114967,-0.019226672,-0.019336825,-0.011858859,-0.007520993
-0.004726011,-0.005499051,-0.00077304,0.003408354,-0.001317657,-0.002090697,-0.000102873,0.013604773,0.000891091,-0.016071861,-0.016389226,-0.009976419
-0.000923521,0.006420814,0.007344335,-0.001832431,-0.002755952,0.004588383,-0.020244026,-0.004080543,0.027729283,0.020291209,0.01143633,0.004367974
0.001631988,0.001356573,-0.000275414,-0.000996187,0.000635801,0.000360386,0.002987639,-0.004310272,-0.004346613,0.000594875,0.002266533,0.000306028
-0.000554652,-0.009191402,-0.00863675,0.003248685,0.002694033,-0.005942717,-0.006600156,-0.012881888,-0.035070724,-0.021512656,-0.013472146,-0.006626943
0.015459377,-0.005991536,-0.021450912,-0.003155947,0.01230343,-0.009147483,-0.003104832,-0.005103924,-0.035841275,-0.012011292,-0.002052632,0.000340923
0.022506078,-0.006280656,-0.028786734,-0.005408474,0.017097604,-0.01168913,0.007420474,0.005382493,-0.029716773,-0.00333917,0.009736123,0.014877795
0.011367133,-0.003818592,-0.015185726,-0.00251618,0.008850953,-0.006334773,0.028573075,0.003618581,-0.028324161,-0.007504015,0.005338876,0.007513057
0.001741695,0.004480058,0.002738363,-0.002073918,-0.000332222,0.00240614,0.050156392,0.000268406,-0.012798789,0.003629266,0.014404171,0.020265937
0.007815939,0.016338639,0.0085227,-0.008051526,-0.000235587,0.008287113,0.059621168,0.008207103,0.00863895,0.021462309,0.024253856,0.025955388
-0.000307285,0.019858785,0.02016607,-0.006517167,-0.006824452,0.013341619,0.06984548,0.018876996,0.021122387,0.033436833,0.028605519,0.023202032
0.00164595,0.024001455,0.022355505,-0.008549135,-0.006903185,0.01545232,0.067776846,0.019650925,0.02398891,0.039397897,0.032457618,0.023889631
-0.001430856,0.021552709,0.022983565,-0.006707284,-0.00813814,0.014845425,0.065891402,0.011302765,0.009029951,0.033037121,0.028274179,0.018922191
-0.003112487,-0.001279194,0.001833293,0.001463893,-0.001648593,0.0001847,0.032445503,-0.007951332,-0.016220245,0.012621716,0.013324746,0.005963726
0.000703088,-0.023219757,-0.023922845,0.007505556,0.008208645,-0.015714201,-0.041131702,-0.062995448,-0.065158665,-0.015908042,-0.000694115,-0.000427176
-0.000232841,-0.021106577,-0.020873736,0.007113139,0.006880298,-0.013993437,-0.048738477,-0.047653223,-0.051964323,-0.025284481,-0.00515951,0.000232136
-0.002673382,-0.012138112,-0.00946473,0.004937165,0.002263783,-0.007200948,-0.031167966,-0.003496442,-0.01009973,-0.012859149,-0.004075836,0.00753236
-0.005618455,0.000850404,0.006468859,0.00158935,-0.004029105,0.002439754,-0.011513751,-0.006253453,0.006028293,0.006498168,0.002665976,0.021997392
0.001470296,0.012970846,0.01150055,-0.004813714,-0.003343418,0.008157132,0.00123483,-0.018060668,0.009857169,0.019157491,0.008846667,0.033965756
0.011571607,0.020194794,0.008623187,-0.010588801,0.000982807,0.009605994,0.017508221,-0.021581557,-0.00855065,0.00632461,0.001164749,0.031220299
0.016452629,0.026543593,0.010090963,-0.014332074,0.002120555,0.012211519,0.042508879,0.002791545,-0.030858968,-0.028113791,-0.017406753,0.01756232
0.001737812,0.022654819,0.020917007,-0.008130877,-0.006393065,0.014523942,0.066223191,0.041694628,-0.020830328,-0.046726723,-0.026592477,-0.001974256
-0.008567888,0.014960515,0.023528403,-0.002130876,-0.010698764,0.012829639,0.072093745,0.045327615,-0.012939398,-0.039301127,-0.029552036,-0.014028822
-0.014752089,-0.005210741,0.009541348,0.006654277,-0.008097812,0.001443536,0.069812039,0.019966473,-0.028824217,-0.03939894,-0.028565874,-0.010875422
-0.006417773,-0.015178909,-0.008761136,0.007198894,0.000781121,-0.007980015,-0.011900612,-0.021002493,-0.018108938,-0.017599081,-0.012314134,-0.005561876
0.009274612,0.003901927,-0.005372685,-0.004392179,0.004882432,-0.000490253,-0.05554581,-0.01714483,0.030014098,0.039131056,0.024921698,0.009320119
0.005452316,0.001898266,-0.00355405,-0.002450194,0.003002122,-0.000551928,-0.00771089,-0.000214575,0.013317296,0.024366551,0.018823193,0.006583965
-0.003613139,-0.002838681,0.000774457,0.002150607,-0.001462532,-0.000688075,0.030406321,0.009154451,-0.021035983,-0.031514274,-0.022526343,-0.011559559
-0.004359899,0.001142974,0.005502873,0.001072309,-0.003287591,0.002215282,-0.008389377,-0.004172309,0.007241534,0.005950849,0.003466245,0.005643039
0.004045543,0.005704938,0.001659395,-0.00325016,0.000795382,0.002454778,-0.023549037,-0.006340604,0.012066894,0.020136529,0.014963842,0.005817054
0.006851061,-0.008361847,-0.015212908,0.000503595,0.007354657,-0.007858252,0.018678894,0.010133164,-0.010506796,-0.013561829,-0.010041921,-0.011510563
-0.001138081,-0.008302902,-0.00716482,0.003146994,0.002008913,-0.005155907,0.044217431,0.012769045,-0.01897972,-0.024313615,-0.016316015,-0.008176823
-0.013429441,-0.012468735,0.000960707,0.008632725,-0.004796716,-0.003836009,0.071674034,-0.0007509,-0.034315347,-0.03897732,-0.029992595,-0.018407459
-0.016106096,-0.004457907,0.011648189,0.006854668,-0.009251428,0.002396761,0.031523694,-0.024115918,-0.032887803,-0.032616186,-0.021850646,-0.016398822
-0.001347621,0.005456541,0.006804162,-0.00136964,-0.002717261,0.004086901,-0.006969974,-0.004444528,-0.005998622,-0.009435014,-0.005515039,-0.003551188
0.001853692,0.009449755,0.007596064,-0.003767816,-0.001914124,0.00568194,0.014110287,0.027259711,0.029900447,0.011025268,0.003462495,0.000119621
0.002639559,0.000997254,-0.001642305,-0.001212271,0.001427288,-0.000215017,0.016073094,0.021926786,0.009381651,-0.009559216,-0.009970112,0.004288724
-0.008733659,-0.021404712,-0.012671054,0.010046124,0.001312465,-0.011358589,0.027468202,-0.002987524,-0.050131338,-0.053371395,-0.03805124,-0.014759716
-0.013085731,-0.018677965,-0.005592234,0.010587899,-0.002497832,-0.008090066,0.027875566,-0.012266728,-0.065554794,-0.051852133,-0.034391954,-0.024462236
0.001680503,0.007590699,0.005910195,-0.0030904,-0.001409898,0.004500298,0.021093562,0.005579764,-0.028403912,-0.007305829,-0.001461531,-0.006624599
0.018963672,0.035183134,0.016219462,-0.018048936,0.000914737,0.017134199,0.027006042,0.035174895,0.032293303,0.036251993,0.02739238,0.021992185
0.017453308,0.030954434,0.013501126,-0.016135914,0.001317394,0.01481852,0.028020313,0.027223216,0.033572695,0.015915674,0.009096236,0.026570397
-0.007846347,-0.003800599,0.004045749,0.003882315,-0.003964032,8.17E-05,0.01682512,-0.020687363,-0.027952537,-0.0631234,-0.04852165,0.002064543
-0.029405145,-0.038877951,-0.009472805,0.022761031,-0.006644113,-0.016116919,-0.028968348,-0.071186539,-0.116921582,-0.127525331,-0.092391527,-0.042034446
-0.024191455,-0.035446473,-0.011255018,0.019879309,-0.004312146,-0.015567164,-0.034281578,-0.057486171,-0.108117958,-0.104205328,-0.069458988,-0.040905016
-0.011362435,-0.01222832,-0.000865885,0.007863585,-0.00349885,-0.004364735,0.007616478,3.80E-05,-0.019087123,-0.035289198,-0.02181709,-0.008681057
0.010099342,0.020892116,0.010792774,-0.010330486,-0.000231144,0.01056163,0.019652559,0.039353679,0.067997445,0.060550043,0.036113502,0.016829389
0.02086329,0.022805601,0.00194231,-0.014556297,0.006306993,0.008249304,0.004228797,0.01511655,0.049630261,0.068141627,0.050370757,0.029316795
-0.005566974,-0.011950339,-0.006383365,0.005839104,0.00027213,-0.006111235,-0.004842033,-0.012308227,-0.032420033,-0.035984655,-0.024708109,-0.013229127
-0.010673173,-0.002491116,0.008182057,0.004388096,-0.006285077,0.00189698,0.001411706,0.001251985,0.002190801,-0.006154594,-0.006588763,-0.0051775
0.017450352,0.013059103,-0.004391249,-0.010169819,0.007280534,0.002889285,-0.00083869,0.009417409,0.023789185,0.035694934,0.02878888,0.017345611
0.006938973,-0.001940042,-0.008879015,-0.00166631,0.005272663,-0.003606353,0.009269234,-0.001235913,-0.006040981,-0.000847819,-0.002912226,-0.000246772
0.00315402,-0.001484019,-0.004638039,-0.000556667,0.002597353,-0.002040686,0.000473545,-0.006882482,-0.010424997,-0.008232036,-0.005983125,-0.001834334
-0.005880244,-0.016114913,-0.010234669,0.007331719,0.001451475,-0.008783194,-0.021757176,-0.01139337,-0.049705794,-0.041167858,-0.026363646,-0.010301018
-0.016964302,-0.020214168,-0.003249866,0.012392823,-0.004571478,-0.007821345,-0.017552351,0.001703044,-0.050005565,-0.031111968,-0.021538908,-0.013644587
-0.010628093,-0.00678405,0.003844043,0.005804047,-0.004824045,-0.000980002,0.005409153,0.022133896,-0.003530124,0.019496163,0.014171082,-0.001181117
0.003195122,0.007599591,0.00440447,-0.003598238,-0.000403116,0.004001354,0.018958423,0.020744466,0.029363682,0.049124106,0.035900511,0.009006107
0.009038302,0.004483428,-0.004554875,-0.004507243,0.004531059,-2.38E-05,0.005318887,-0.003903182,0.009668083,0.006555816,0.006113369,-0.001510599
0.000725718,-0.009908399,-0.010634117,0.003060894,0.003786612,-0.006847505,-0.019955579,-0.026933691,-0.044418689,-0.070289752,-0.049506291,-0.022108113
-0.00862823,-0.016237157,-0.007608926,0.008288463,-0.000339768,-0.007948694,-0.019329042,-0.015622829,-0.050731297,-0.078352049,-0.061136395,-0.029333004
-0.01340513,-0.017803371,-0.004398241,0.010402833,-0.003002296,-0.007400537,-0.002568618,-0.005169629,-0.036457365,-0.064112242,-0.050519627,-0.025280155
-0.003402253,-0.003102428,0.000299826,0.002168227,-0.001234026,-0.0009342,0.000657922,0.004217922,-0.005854439,-0.020766654,-0.012620356,-0.005254922
0.006092718,0.018969943,0.012877225,-0.00835422,-0.002261503,0.010615723,0.024874545,0.025802257,0.044979419,0.048706358,0.032266002,0.016243203
0.005572385,0.000667522,-0.004904862,-0.002079969,0.003492416,-0.001412447,-0.007120666,-0.013606585,0.004993848,0.035360031,0.028378522,0.012190624
-0.000551362,-0.006492033,-0.005940671,0.002347798,0.001796436,-0.004144234,-0.017581401,-0.009116034,-0.01669658,-0.02051934,-0.012379805,-0.005568014
-0.00303591,0.004404364,0.007440273,-0.000456151,-0.003492061,0.003948212,0.021710308,0.017121327,0.011246782,-0.004728409,-0.008382941,-0.003961236
1.98E-05,0.001761911,0.001742112,-0.000593903,-0.000574104,0.001168008,-0.001563215,-0.007621089,0.002216648,0.0157553,0.014279328,0.007352892
0.005205726,-0.004845635,-0.010051361,-0.00012003,0.005085696,-0.004965665,-0.020196303,-0.010806925,-0.010445849,-0.00167831,0.001887449,-0.000104804
0.004590072,-0.004896313,-0.009486385,0.00010208,0.004692152,-0.004794233,-0.017418851,-0.001145075,-0.005427316,-0.005555269,-0.004832735,-0.00366214
0.002388069,0.000656733,-0.001731336,-0.001014934,0.001373135,-0.000358201,-0.005399339,0.006952795,0.010105571,0.003772319,-0.0001761,0.001099399
-0.008165721,-0.019543835,-0.011378114,0.009236519,0.001070798,-0.010307316,-0.013003073,0.006721525,-0.019201958,-0.017939299,-0.012013915,-0.010150753
-0.007778744,-0.016174836,-0.008396092,0.007984527,0.000205782,-0.008190309,-0.006046182,0.016896837,-0.019386442,-0.01086257,-0.007244999,-0.008811434
0.003681395,0.006217078,0.002535684,-0.003299491,0.000381904,0.002917587,-0.000941394,0.022799485,0.020406944,0.021176689,0.01349507,0.003554224
0.011482885,0.021650052,0.010167166,-0.011044312,0.000438573,0.01060574,-0.007666142,0.013209922,0.042955513,0.027749672,0.016117489,0.007677563
0.006529145,0.012227942,0.005698797,-0.006252363,0.000276783,0.00597558,-0.016213274,-0.006039389,0.015866239,-0.009562749,-0.010973429,-0.004773487
-0.008381298,-0.021081628,-0.012700329,0.009820975,0.001439677,-0.011260652,-0.013468038,-0.020024479,-0.056897989,-0.078041625,-0.059149339,-0.030762571
-0.022632841,-0.058592821,-0.03595998,0.027075221,0.00444238,-0.0315176,-0.01021195,-0.027704818,-0.105507408,-0.117522212,-0.081154989,-0.044207934
-0.019273995,-0.054214423,-0.034940427,0.024496139,0.005222144,-0.029718284,0.001528156,-0.010905217,-0.081125131,-0.0939852,-0.067911978,-0.039755659
-0.009640932,-0.021332444,-0.011691512,0.010324459,0.000683527,-0.011007985,0.020330342,0.011501135,-0.028434405,-0.041200388,-0.032110224,-0.018123976
0.004252455,0.013410399,0.009157944,-0.005887618,-0.001635163,0.007522781,0.012618131,0.016146547,0.033384428,0.024816837,0.013057383,0.004820309
0.015049906,0.036158972,0.021109066,-0.017069626,-0.00201972,0.019089346,-0.017797276,-0.004823304,0.051845736,0.072184538,0.054001748,0.031797607
-0.000941213,0.003019869,0.003961083,-0.000692886,-0.001634099,0.002326984,-0.012256237,-0.005418543,-0.009988075,-0.006844508,-0.001612472,-0.000183482
-0.007076346,-0.021598308,-0.014521961,0.009558218,0.002481872,-0.01204009,0.01881519,0.008027259,-0.014602021,-0.027542735,-0.025149536,-0.015860885
0.009811445,0.018955118,0.009143673,-0.009588854,0.000222591,0.009366263,-0.001396783,0.000445074,0.024816844,0.035215146,0.028802221,0.018166806
-0.001217616,0.018663363,0.01988098,-0.005815249,-0.007032865,0.012848114,-0.034402372,-0.011754218,0.002329914,0.008325671,0.008214479,0.003221803
-0.00517433,0.002642486,0.007816816,0.000843948,-0.004330382,0.003486434,-0.040151446,-0.014933687,-0.016576013,-0.009291019,-0.00413122,-0.002337196
-0.004070606,-0.002058713,0.002011893,0.002043106,-0.002027499,-1.56E-05,-0.03213435,-0.005184165,-0.022442777,-0.016038971,-0.012433345,-0.011179808
-0.004200961,-0.003972461,0.000228501,0.002724474,-0.001476487,-0.001247987,-0.01644368,0.008978655,-0.006854902,-0.007710036,-0.009291967,-0.009872029
-0.006486695,-0.006408242,7.85E-05,0.004298312,-0.002188382,-0.00210993,-0.003058363,0.019849698,0.007033091,-0.004817247,-0.011344805,-0.009166097
-0.001645741,0.001876267,0.003522008,-7.68E-05,-0.001722583,0.001799425,0.006080945,0.028535522,0.025775791,0.00939642,-0.000936245,-0.00192936
-0.016461481,-0.016719749,-0.000258268,0.01106041,-0.005401071,-0.005659339,-0.007765281,0.013111281,0.006643597,0.000980517,-0.008845841,-0.004123134
-0.028594328,-0.03293956,-0.004345233,0.020511296,-0.008083032,-0.012428264,-0.008539388,0.000666618,-0.015231999,-0.016454401,-0.019548663,-0.010578897
-0.022191448,-0.024654308,-0.002462861,0.015615252,-0.006576196,-0.009039056,0.003509712,-0.001955992,-0.0047885,-0.005909488,-0.009905846,-0.007308564
-0.003813182,-0.000115628,0.003697554,0.001309603,-0.002503579,0.001193975,0.010921384,-0.001812827,0.011573034,0.012182464,0.004505201,0.002415227
0.010803319,0.018697646,0.007894327,-0.009833655,0.000969664,0.008863991,0.006813909,-0.006495441,0.000555523,0.003630848,-0.000591105,0.003471637
0.00661481,0.008955065,0.002340255,-0.005189958,0.001424852,0.003765107,-0.008184627,-0.020129064,-0.053541592,-0.05072818,-0.03803726,-0.013300413
-0.006108852,-0.015437156,-0.009328304,0.007182003,0.001073151,-0.008255154,-0.01258034,-0.015340979,-0.075451345,-0.085516982,-0.064179856,-0.030456016
-0.008870666,-0.00378379,0.005086876,0.004218152,-0.004652514,0.000434362,0.001174334,-0.001245712,-0.04626153,-0.053451602,-0.039493673,-0.020031297
-0.005343698,-0.000357566,0.004986132,0.001900422,-0.003443277,0.001542855,-0.005718383,-0.010081292,-0.024788618,-0.0259418,-0.016880613,-0.007635269
0.002338547,0.004408584,0.002070037,-0.002249044,8.95E-05,0.00215954,0.000388516,0.010887754,0.036601822,0.033882654,0.022859806,0.011158507
0.007982418,0.00643722,-0.001545199,-0.004806546,0.003175872,0.001630674,0.011900749,0.007498792,0.03636111,0.045870299,0.032907965,0.015322254
-0.001699692,-0.00766697,-0.005967278,0.003122221,0.001422529,-0.004544749,-0.009282744,-0.011081919,-0.0217513,-0.021930852,-0.013002354,-0.006128639
-0.003686241,0.005580418,0.00926666,-0.000631392,-0.004317634,0.004949026,0.003788901,0.008034573,-0.001616735,-0.007980873,-0.009146299,-0.004569974
0.003693537,-0.000580273,-0.00427381,-0.001037755,0.002655782,-0.001618028,0.003874193,0.000357159,0.014463634,0.020069692,0.015146548,0.007649876
0.002458047,-0.004078125,-0.006536172,0.000540026,0.002998073,-0.003538099,-0.008212446,-0.008010892,-0.004628492,-0.000589219,0.003852019,0.002850479
-0.002369081,0.001616387,0.003985468,0.000250898,-0.002118183,0.001867285,-0.000706199,-0.000149501,-0.000868426,-0.005654003,-0.005896304,-0.00677268
-0.006168012,-0.001819061,0.004348951,0.002662357,-0.003505654,0.000843297,-0.00232593,0.007732835,-0.003843952,-0.012443505,-0.010774663,-0.014117472
-0.016320431,0.009703787,0.026024218,0.002205548,-0.014114883,0.011909335,-0.021111841,0.010043418,-0.006561335,-0.022215674,-0.020326727,-0.021822101
-0.018649952,0.016676273,0.035326225,0.000657893,-0.017992059,0.017334166,-0.031738738,0.009173867,0.004409993,0.00047817,0.000290153,-0.005169829
-0.006932355,0.010765143,0.017697497,-0.001277596,-0.008209951,0.009487547,-0.021031886,0.006733805,0.0051981,0.023922941,0.027264493,0.017318351
0.007290473,-0.008463161,-0.015753634,0.000390896,0.007681369,-0.008072265,-0.003837861,0.001721798,-0.013034977,0.017725978,0.028913443,0.02228428
0.018058369,-0.019587286,-0.037645655,0.000509639,0.018568008,-0.019077647,0.011806654,0.007960351,-0.032852928,-0.023652113,-0.004419298,0.003894044
0.015443374,-0.011732824,-0.027176198,-0.00123685,0.014206524,-0.012969674,-0.013797461,0.003286082,-0.023044787,-0.054671202,-0.039969149,-0.015494723
-0.008495606,-0.014753264,-0.006257657,0.007749623,-0.000745983,-0.00700364,-0.027099042,-0.00761964,-0.019173016,-0.050315583,-0.045665596,-0.024648915
-0.010903521,-0.004128481,0.00677504,0.005010667,-0.005892853,0.000882186,-0.001623705,0.00933047,-0.002206465,-0.024538364,-0.024773828,-0.015998388
-0.003396449,0.015506235,0.018902684,-0.004036595,-0.007433044,0.011469639,0.005099906,0.007666464,0.023527104,0.027792631,0.019590458,0.007651287
0.008373778,0.004710869,-0.003662909,-0.004361549,0.004012229,0.00034932,0.0062272,-0.010286281,0.00185703,0.030877,0.030331704,0.019657439
0.001759481,-0.012833358,-0.014592839,0.003691293,0.005450773,-0.009142066,0.004304736,-0.003979835,-0.020072187,-0.019591884,-0.01387606,-0.008510744
-0.00530236,0.00364717,0.00894953,0.00055173,-0.00475063,0.0041989,-0.002312542,0.015458644,0.019306235,-0.00070846,-0.007161223,-0.005729358
-0.002250633,0.012063998,0.01431463,-0.003271122,-0.005521754,0.008792876,-0.010386824,-0.011168596,0.001296483,0.009165749,0.010103896,0.007859218
0.007041246,0.00419095,-0.002850297,-0.003744065,0.003297181,0.000446884,-0.005034836,-0.019319307,-0.023060775,-0.008303041,0.000284301,0.003108618
0.005567327,-0.016141766,-0.021709093,0.003524813,0.00909214,-0.012616953,0.038798648,0.024926913,0.005775686,0.004969201,-5.53E-05,-0.003998539
-0.005136561,-0.040495467,-0.035358906,0.015210676,0.010074115,-0.025284791,0.033992865,0.026411731,0.010234483,0.006739617,-0.003260395,-0.012981086
-0.001997303,-0.015620157,-0.013622854,0.005872487,0.003875183,-0.00974767,-0.031196546,0.008914418,0.025782511,0.024187132,0.01283405,0.005172437
-0.003123586,-0.001945532,0.001178054,0.001689706,-0.00143388,-0.000255826,-0.024556455,0.009168519,0.029561781,0.029005831,0.024007848,0.017508132
-0.006571145,0.000984213,0.007555358,0.001862311,-0.004708835,0.002846524,-0.027146923,-0.006617708,0.012076163,0.016851293,0.017862324,0.014320831
-0.007434109,0.003898711,0.01133282,0.001178466,-0.006255643,0.005077177,-0.027912965,-0.017454619,-0.006671845,0.001551274,0.006227867,0.004845526
-0.007615657,0.001574523,0.00919018,0.002013711,-0.005601945,0.003588234,-0.021209516,-0.023623329,-0.013422802,-0.002489718,0.008211707,0.010212548
-0.005847406,0.001486458,0.007333863,0.001453649,-0.004393756,0.002940107,-0.015473233,-0.022327395,-0.009410939,0.001628821,0.010489316,0.01146671
-0.003269493,-0.00097709,0.002292402,0.001415528,-0.001853965,0.000438437,-0.008464401,-0.014038887,-0.009162223,-0.002336359,0.004508787,0.00499706
-0.004593983,0.00830082,0.012894803,-0.001235612,-0.005829595,0.007065207,-0.011247966,-0.019193536,-0.01244547,0.010934833,0.007185799,0.001261974
-0.004873381,0.010018524,0.014891905,-0.001715048,-0.006588429,0.008303476,-0.005216303,-0.019929139,-0.01640465,0.004373926,-0.000184876,-0.000220229
0.001544386,-0.003005674,-0.00455006,0.000487096,0.002031482,-0.002518578,0.007140342,-0.002162007,-0.008302537,-0.013544387,-0.012446448,0.00139608
0.006148668,-0.00904549,-0.015194158,0.000965607,0.007114275,-0.008079883,0.010512756,0.015218362,0.00558524,0.001050193,-0.002415048,0.008886675
0.003690293,-0.008885546,-0.012575839,0.001731751,0.005422044,-0.007153795,0.002360202,0.015010083,0.001868592,0.012531054,0.005675982,0.011454694
-0.008385723,0.000424114,0.008809837,0.00265387,-0.005731854,0.003077984,-0.007422347,-0.0069075,-0.024890576,0.00314816,-0.00058323,0.004733845
-0.023576918,0.000969878,0.024546796,0.00753568,-0.016041238,0.008505558,-0.016171184,-0.034675131,-0.063867325,-0.058251938,-0.04128326,-0.017187909
-0.028724994,-0.002894668,0.025830326,0.010539887,-0.018185107,0.00764522,-0.008017641,-0.033357869,-0.065159589,-0.084675653,-0.055548318,-0.023343621
-0.019743127,0.005818333,0.025561461,0.004641598,-0.015101529,0.010459931,0.000171724,-0.025425009,-0.039387406,-0.052439544,-0.035494592,-0.015662636
-0.003736294,0.000870631,0.004606925,0.000955221,-0.002781073,0.001825852,0.004696903,-0.000699985,0.001650728,-0.009378798,-0.009293537,-0.004088034
0.014972478,0.004325951,-0.010646527,-0.00643281,0.008539668,-0.002106859,0.01616083,0.032533849,0.048505626,0.052998988,0.033110889,0.015222416
0.002028319,0.000673742,-0.001354577,-0.000900687,0.001127632,-0.000226945,-0.009946759,-0.002886036,0.003244014,0.012673041,0.01319702,0.007694398
-0.014321211,0.000710735,0.015031946,0.004536825,-0.009784386,0.00524756,0.000789977,-0.012920716,-0.022280418,-0.035799043,-0.02650606,-0.012963768
0.010302868,0.004089273,-0.006213595,-0.00479738,0.005505488,-0.000708107,0.014133889,0.017534259,0.022876947,0.023285019,0.013644548,0.008153247
0.002416519,-0.004734995,-0.007151513,0.000772825,0.003189344,-0.003962169,-0.00775859,0.003683597,0.006211964,0.011736869,0.011257336,0.004471468
-0.019283753,0.002475364,0.021759117,0.005602796,-0.013680957,0.00807816,-0.015002531,-0.024435902,-0.026303114,-0.031844893,-0.021514056,-0.011344213
-0.026517425,0.00969448,0.036211905,0.005607648,-0.020909776,0.015302128,-0.019676573,-0.046710592,-0.043931526,-0.047038562,-0.02755393,-0.008544987
-0.027119337,0.016607829,0.043727166,0.003503836,-0.023615501,0.020111665,-0.005483122,-0.037793045,-0.035771322,-0.042824557,-0.025771164,-0.015694377
-0.01404421,0.016449515,0.030493725,-0.000801769,-0.014845979,0.015647747,0.00783058,-0.015057043,-0.01563989,-0.026662605,-0.013811093,0.001712644
-0.011785133,0.003656021,0.015441153,0.002709704,-0.009075429,0.006365725,0.014863509,0.001200431,-0.000994412,-0.021542782,-0.015631987,0.002739968
-0.015251325,0.012585514,0.027836839,0.000888604,-0.014362721,0.013474118,0.030236514,0.025498969,0.029775178,-0.002667781,-0.009881997,0.001777818
-0.008792185,0.013540363,0.022332548,-0.001582726,-0.010374911,0.011957637,0.038468224,0.05256897,0.057183228,0.017890989,0.001832446,0.00168159
-0.008851376,-0.003783796,0.00506758,0.004211724,-0.004639652,0.000427928,0.020314089,0.026839873,0.018226157,-0.028991453,-0.024125176,-0.003659262
-0.003227753,-0.00714004,-0.003912287,0.003455931,0.000228178,-0.003684109,0.008950608,0.013715845,-0.006388476,-0.049938743,-0.033200726,-0.001226923
0.004865495,-0.002190872,-0.007056366,-0.000891541,0.003973954,-0.003082413,0.003009438,0.009446979,-0.001927803,-0.021307301,-0.01335283,0.004379772
0.006696317,0.005967662,-0.000728655,-0.004221326,0.00247499,0.001746336,0.005020082,-0.002901109,0.013451905,0.019349929,0.011169915,0.005864585
-0.001036113,0.006089687,0.0071258,-0.001684524,-0.002720638,0.004405162,0.008258797,-0.023288401,0.005549901,0.021562493,0.010281657,-0.004321366
-0.012088946,-0.004913231,0.007175715,0.005667393,-0.006421554,0.000754161,0.013089743,-0.043917533,-0.02895122,-0.025277728,-0.019445491,-0.019077821
-0.018728747,-0.022259211,-0.003530463,0.013662653,-0.005066095,-0.008596558,0.005162728,-0.042971139,-0.088640544,-0.09390983,-0.058350537,-0.028032035
-0.01554792,-0.016332241,-0.000784321,0.01062672,-0.004921199,-0.005705521,0.008301339,-0.021259385,-0.079552909,-0.087954064,-0.05876073,-0.025432758
-0.015204146,-0.014891956,0.000312191,0.010032034,-0.005172112,-0.004859922,0.011917657,-0.002522345,-0.034059322,-0.040081818,-0.019714172,-0.00231184
0.003008022,0.009259677,0.006251655,-0.004089233,-0.001081211,0.005170444,0.000852186,0.0222406,0.031769902,0.021559696,0.012143065,0.000991189
0.014779799,0.010518123,-0.004261676,-0.008432641,0.006347158,0.002085483,-0.010435738,0.003612101,0.045269649,0.05573259,0.033261855,0.015178036
-0.001349143,-0.000343824,0.001005319,0.000564322,-0.000784821,0.000220499,-2.24E-05,-0.010375102,-0.015242813,-0.007664793,-0.003641599,-0.002689405
-0.004596625,-0.004120714,0.000475912,0.00290578,-0.001690846,-0.001214934,0.004449694,0.008649207,-0.002068762,-0.014399953,-0.009301106,-0.002331266
0.005544351,0.004135935,-0.001408416,-0.003226762,0.002317589,0.000909173,-0.006631436,-0.00068258,0.014323491,0.024242634,0.014187747,0.004237866
0.002582034,0.00489949,0.002317457,-0.002493841,8.82E-05,0.002405649,-0.001715523,-0.007079279,-0.004148065,-0.001141747,0.002377789,0.002089665
-0.004096234,-0.004088956,7.28E-06,0.002728397,-0.001367837,-0.00136056,0.01197702,-0.009956526,-0.014364109,-0.015628967,-0.011439148,-0.003749861
-0.004726902,1.27E-05,0.004739607,0.001571399,-0.003155503,0.001584104,0.021321317,-0.005321166,-0.017600791,-0.017550718,-0.012976729,-0.009968294
-0.003912436,-0.012266643,-0.008354207,0.005393026,0.00148059,-0.006873617,0.037851838,0.009572798,-0.017826213,-0.024783644,-0.017473348,-0.014737089
7.94E-05,-0.009627919,-0.009707362,0.003182825,0.003262268,-0.006445094,0.048583851,0.022846046,-0.010289044,-0.023750099,-0.022943115,-0.017560837
-0.000162827,-0.008179609,-0.008016783,0.002780812,0.002617985,-0.005398797,0.056278982,0.035100774,0.003024002,-0.014704273,-0.019775025,-0.026877172
0.004776396,-0.018574731,-0.023351127,0.004599445,0.009375841,-0.013975286,0.048966062,0.042340124,0.006074939,-0.012613913,-0.017818766,-0.025521871
0.01281882,-0.009110847,-0.021929667,-0.001235991,0.011582829,-0.010346838,0.001668251,0.026174513,0.005042111,-0.002873037,-0.007167481,-0.006483479
0.002941528,-0.004270782,-0.007212309,0.000443085,0.003384612,-0.003827697,-0.031600377,-0.00400654,-0.005998957,-0.008175724,-0.011788184,-0.013242337
0.000740493,0.005676288,0.004935795,-0.002138927,-0.001398434,0.003537361,-0.017233806,-0.009668143,-0.004965191,-0.002731007,-0.004043383,-0.009430435
-0.003550658,0.012102524,0.015653183,-0.002850622,-0.00640128,0.009251902,-0.015156552,-0.007023834,0.014150714,-0.006246441,-0.01352196,-0.008516263
-0.002209519,0.007508126,0.009717644,-0.001766202,-0.003975721,0.005741923,-0.009242797,6.75E-05,0.015011779,0.000805689,-0.01094839,-0.007211116
0.002412463,-0.004710079,-0.007122542,0.000765872,0.003178335,-0.003944207,0.000258748,0.007968721,-0.00737019,0.002455129,0.002624738,0.002378968
0.002626414,-0.012199558,-0.014825972,0.003191048,0.005817462,-0.00900851,0.010914905,0.011563974,-0.032335041,-0.012334051,0.00262858,0.003149982
-0.006443907,-0.011236432,-0.004792525,0.005893447,-0.000550461,-0.005342986,0.032283052,0.020628298,-0.040990095,-0.039043009,-0.015808629,-0.005130984
-0.017506886,-0.002421445,0.015085441,0.006642777,-0.010864109,0.004221332,0.043839704,0.02767181,-0.031491646,-0.066968319,-0.051477087,-0.027410616
-0.020131803,0.001389524,0.021521328,0.006247426,-0.013884377,0.007636951,0.049007267,0.040161976,-0.007323423,-0.062408066,-0.062299658,-0.035056132
-0.019113406,-0.000384053,0.018729353,0.006499153,-0.012614253,0.0061151,0.030925355,0.02529362,-0.001691073,-0.03791424,-0.036241161,-0.023640632
-0.004016171,-0.001508003,0.002508168,0.001841391,-0.00217478,0.000333388,-0.001354552,-0.008117333,-0.011008995,-0.019437439,-0.019236324,-0.013976287
0.010992104,0.006859434,-0.004132671,-0.005950513,0.005041592,0.000908921,-0.031173272,-0.018302018,0.007650859,0.028377599,0.028757742,0.017083495
0.008382615,-0.005993101,-0.014375716,-0.000796504,0.00758611,-0.006789606,0.005616175,0.007692466,0.011139654,0.028719108,0.025317708,0.018754871
-0.011953286,-0.0013291,0.010624185,0.004427462,-0.007525824,0.003098362,0.012325319,-0.003106186,-0.019009814,-0.033024506,-0.029946563,-0.021885728
0.002000928,0.0070859,0.005084972,-0.003028943,-0.001028015,0.004056958,-0.015603984,0.002963435,0.012586937,0.004175115,0.002341634,0.002964575
0.008020222,-0.004251883,-0.012272104,-0.001256113,0.006764109,-0.005507996,0.010846248,0.005103472,0.008100427,0.018621353,0.017772367,0.012599475
4.48E-05,-0.002655872,-0.002700662,0.000870361,0.000915151,-0.001785511,0.00045579,-0.00637904,-0.014082695,-0.005548449,-0.001699571,-0.004096956
-0.012602899,-0.000832905,0.011769994,0.004478601,-0.008124298,0.003645696,-0.006380888,-0.014026103,-0.015128642,-0.016222456,-0.014127818,-0.005956421
-0.009466937,-0.000350942,0.009115995,0.003272626,-0.006194311,0.002921684,-0.003557876,-5.22E-05,0.002442026,-0.00196541,-0.013849896,-0.013140544
0.0019026,0.001504297,-0.000398303,-0.001135632,0.000766968,0.000368664,0.001779057,0.011664295,0.01413302,0.006684262,-0.00095273,-0.00850432
0.007463755,-0.009154971,-0.016618726,0.000563739,0.008027493,-0.008591232,-0.015899959,-0.00379862,0.027457517,0.007083189,0.015249774,-0.017350467
0.008505411,-0.019120974,-0.027626385,0.003538521,0.012043932,-0.015582453,-0.023072285,-0.004467035,0.017816919,0.006494033,0.006876395,-0.00805402
0.005926329,-0.009880538,-0.015806867,0.00131807,0.007244399,-0.008562468,-0.012494659,0.002975652,0.005876547,0.009421476,-0.003823154,0.001828396
0.002977183,-0.000165364,-0.003142547,-0.000937273,0.00203991,-0.001102637,-0.008896028,0.000509396,-0.007117857,0.008097608,-0.002758809,0.004268279
-0.002754999,-0.005067457,-0.002312458,0.002607485,-0.000147514,-0.002459972,-0.021474991,-0.015918255,-0.024136284,-0.012620429,0.000659545,-0.004620302
-0.012151366,-0.028954464,-0.016803098,0.013701943,0.001550577,-0.015252521,-0.043021022,-0.034028381,-0.047496219,-0.06414184,-0.027365562,-0.022011779
-0.028208822,-0.047564291,-0.019355468,0.025257704,-0.002951118,-0.022306586,-0.042352482,-0.027714776,-0.063945545,-0.106816382,-0.079612099,-0.033118335
-0.028061754,-0.04616342,-0.018101665,0.024741724,-0.003320029,-0.021421695,-0.010867557,-0.000560691,-0.04563882,-0.096784826,-0.077690113,-0.038679279
-0.011914839,-0.007109184,0.004805655,0.006341341,-0.005573498,-0.000767843,0.001899764,0.008018089,-0.009774148,-0.047784759,-0.041754415,-0.016997235
0.006483394,0.018274937,0.011791542,-0.008252777,-0.001769383,0.01002216,0.018625361,0.023217011,0.039880787,0.039183764,0.028980932,0.013783017
0.017156159,0.029854112,0.012697953,-0.015670091,0.001486069,0.014184022,0.008294009,-0.007389603,0.013641649,0.056018513,0.041258435,0.012586838
-0.006946102,-0.017190472,-0.010244371,0.008045525,0.001099423,-0.009144948,-0.010814868,-0.018005363,-0.021471669,-0.019631127,-0.010265928,-0.001293471
-0.001871388,0.009147195,0.011018583,-0.002425269,-0.004296657,0.006721926,0.004610676,0.021758238,0.017584085,-0.007961676,-0.013362549,-0.008659825
0.004869504,0.011140128,0.006270624,-0.005336544,-0.00046704,0.005803584,0.034790866,0.009763807,0.007508964,0.022790967,0.016350677,0.004646401
-0.003846117,-0.008190457,-0.00434434,0.004012191,0.000166074,-0.004178266,-0.037621321,-0.044169906,-0.027521028,-0.004406954,0.003264056,0.00401276
0.002825599,-0.028999781,-0.03182538,0.008724728,0.011550326,-0.020275054,-0.090872518,-0.054318086,-0.026671877,-0.00818616,0.008285428,0.013009101
0.010218337,-0.026581133,-0.036799471,0.005454265,0.015672603,-0.021126868,-0.073147657,-0.026699233,-0.012789981,-0.003686505,0.004665842,0.006624768
0.011401829,-0.035780873,-0.047182703,0.008126348,0.019528177,-0.027654525,-0.041553658,0.001452431,0.006114303,0.011971534,0.027771041,0.027578423
0.012493576,-0.02539109,-0.037884666,0.004299171,0.016792747,-0.021091918,-0.019137983,0.017524915,0.014828832,0.012122684,0.014406498,0.011725786
0.013492991,-0.030322141,-0.043815132,0.005609717,0.019102707,-0.024712425,-0.001377789,0.028266287,0.01586213,0.017478901,0.024845045,0.021905431
0.014600486,-0.017831641,-0.032432128,0.001077052,0.015677538,-0.01675459,0.008248001,0.027577317,0.013284504,0.021716798,0.031701303,0.023167402
0.009033045,-0.017133112,-0.026166156,0.002700022,0.011733067,-0.014433089,0.010428539,0.019728638,-0.006562758,-0.002641933,0.006668433,0.010236637
-0.001234817,-0.023347649,-0.022112832,0.008194155,0.006959338,-0.015153494,0.015981934,-0.00149339,-0.023679876,-0.010485637,0.009558982,0.02112408
-0.0088087,-0.019214944,-0.010406244,0.009341215,0.000532515,-0.009873729,0.006995814,-0.001092085,-0.029525367,-0.03532699,-0.016193264,-9.49E-06
-0.009894776,-0.013574516,-0.003679741,0.007823097,-0.002071678,-0.005751419,0.003041517,0.006077346,-0.017633965,-0.040994649,-0.025585258,-0.003961815
0.000610333,-0.003002745,-0.003613079,0.000797471,0.001407804,-0.002205275,-0.018832078,-0.013349164,-0.009162938,-0.01677412,-0.010781269,-0.001536767
0.012791301,-0.003876159,-0.016667459,-0.002971714,0.009819587,-0.006847873,-0.030016568,-0.015517127,-0.000364081,0.014588898,0.011684304,0.009450335
0.022178759,-0.006256238,-0.028434997,-0.005307507,0.016871252,-0.011563745,-0.014025664,0.001168937,0.002404986,0.030330583,0.022474402,0.014716612
0.021166934,-0.015144685,-0.03631162,-0.002007417,0.019159518,-0.017152102,0.026816594,0.027541858,-0.007043939,0.014502722,0.010734752,0.010604631
0.009881781,-0.011958125,-0.021839907,0.000692115,0.010573896,-0.011266011,0.031060789,0.028765365,-0.022967823,-0.042324701,-0.028389068,-0.004211276
0.00412556,-0.003936416,-0.008061975,-6.30E-05,0.004062512,-0.003999464,0.034093736,0.031702605,-0.011808656,-0.042804428,-0.040184997,-0.025641106
0.004297745,-0.003082204,-0.007379949,-0.00040518,0.003892565,-0.003487385,0.039346208,0.010892346,-0.009809142,-0.016312787,-0.011844114,-0.003135475
-0.013791752,-0.007145659,0.006646094,0.006979137,-0.006812616,-0.000166521,-0.005697857,-0.024959955,-0.01562706,-0.01276471,-0.009949077,-0.009303537
0.001997083,0.006708928,0.004711845,-0.002902003,-0.000904921,0.003806924,-0.038097917,-0.009573342,0.023510705,0.034772,0.024642493,0.014474952
0.001899496,0.004110274,0.002210778,-0.002003257,-0.000103761,0.002107017,0.001708002,0.010110766,0.009189598,0.014439568,0.014259554,0.007228715
-0.000832632,-0.008158544,-0.007325912,0.002997059,0.002164427,-0.005161485,0.029112389,0.011438414,-0.019846654,-0.036180806,-0.02632305,-0.009488735
-0.002273956,0.001840841,0.004114796,0.000144372,-0.002129584,0.001985212,-0.016407297,-0.01346829,0.008504117,0.01396417,0.005288625,-0.002459718
0.000967688,0.002157714,0.001190026,-0.0010418,-7.41E-05,0.001115913,-0.026133649,-0.014067364,0.004344086,0.014382428,0.012927557,0.008197439
0.002754252,0.007052811,0.004298559,-0.003269021,-0.000514769,0.00378379,0.021500936,0.023556139,-0.000312631,-0.008459902,-0.001285792,0.001389526
0.004426814,-0.014084415,-0.018511228,0.0032192,0.007646014,-0.010865214,0.064572741,0.047059404,-0.005440629,-0.027795266,-0.020189635,-0.003910599
-0.01693368,-0.025416776,-0.008483097,0.014116818,-0.002816861,-0.011299958,0.077288781,0.022108455,-0.035004709,-0.054433099,-0.04283258,-0.019458118
-0.018664256,-0.023547003,-0.004882747,0.01407042,-0.004593836,-0.009476583,0.021188074,-0.009995659,-0.041578402,-0.057892377,-0.038968169,-0.010551392
-0.004071319,-0.007299044,-0.003227725,0.003790121,-0.000281198,-0.003508923,-0.017142823,-0.006188214,-0.020573129,-0.04268076,-0.030626462,-0.004404867
0.00218488,-0.0008349,-0.00301978,-0.000449994,0.001734887,-0.001284893,0.000971842,0.024552151,0.024590663,-0.006926833,-0.013660168,-0.006615418
0.000799616,0.004102352,0.003302736,-0.001633989,-0.000834373,0.002468363,-0.012651243,0.022034174,0.02542367,0.000676963,-0.0189518,-0.00434646
-0.003435585,0.000324078,0.003759662,0.001037169,-0.002398416,0.001361247,-0.0054768,0.012824664,0.000727016,-0.018616131,-0.031110219,-0.015947637
-0.005593049,-0.004915436,0.000677613,0.003502828,-0.002090221,-0.001412608,0.002200946,0.003193269,-0.006672125,-0.009265102,-0.012079875,-0.006937958
-0.004417555,-0.007311401,-0.002893846,0.003909652,-0.000507903,-0.003401749,0.001556604,-0.004422346,-0.001381687,0.010361313,0.009213294,0.003612205
-0.006160703,-0.011220681,-0.005059979,0.005793795,-0.000366908,-0.005426887,0.007921723,-0.002898314,0.000340527,0.007090678,0.007154436,0.004536058
-0.012532416,-0.013030272,-0.000497857,0.008520896,-0.004011519,-0.004509376,0.017200128,-0.008710641,-0.025076183,-0.044008594,-0.0344554,-0.015526026
-0.022141943,-0.015826311,0.006315633,0.012656085,-0.009485859,-0.003170226,0.003682543,-0.025879898,-0.076674215,-0.103734439,-0.079602382,-0.034582208
-0.018157265,-0.002640157,0.015517108,0.006932474,-0.011224791,0.004292317,-0.001847928,-0.023159225,-0.065444218,-0.080415108,-0.061075019,-0.028646323
0.002411153,0.004512138,0.002100984,-0.002307764,0.00010339,0.002204374,0.003920699,-0.007590975,-0.023896481,-0.030594477,-0.021165772,-0.012017268
0.005922115,0.008057918,0.002135803,-0.004660011,0.001262104,0.003397907,-0.003383957,0.013594475,0.03056963,0.032968301,0.021588662,0.012636695
0.008804276,-0.002989496,-0.011793771,-0.00193826,0.006866016,-0.004927756,-0.00171841,0.013439915,0.04139116,0.054642362,0.042631749,0.02120228
-0.007969647,-0.005232051,0.002737596,0.004400566,-0.003569081,-0.000831485,0.006204292,-0.010236638,-0.018468256,-0.01943126,-0.014485754,-0.013140257
0.001843288,0.006038852,0.004195565,-0.00262738,-0.000784092,0.003411472,-0.008123022,0.000756402,-0.005988978,-0.014220085,-0.011867814,0.000388265
0.007266435,0.00088793,-0.006378505,-0.002718122,0.004548313,-0.001830192,0.007039525,0.011447534,0.018948805,0.027892878,0.021958764,0.009991507
-0.009002935,-0.007893013,0.001109922,0.005631983,-0.003370952,-0.00226103,-6.41E-06,-0.016183338,-0.012341623,-0.008032701,-0.003544906,-0.00656284
-0.006540591,-0.0017063,0.004834292,0.002748964,-0.003791628,0.001042664,-0.008398902,-0.000227469,0.005197092,-0.008728358,-0.013183607,-0.010494642
-0.004694195,-0.003680262,0.001013933,0.002791486,-0.001902709,-0.000888777,-0.013677082,0.009194318,0.004934869,-0.00898652,-0.006565388,0.003794436
-0.00230109,0.0011814,0.00348249,0.00037323,-0.00192786,0.00155463,-0.043062995,0.008573136,-0.030224229,-0.020859268,-0.013894115,0.001470125
0.005526602,0.0157372,0.010210599,-0.007087934,-0.001561332,0.008649266,-0.063269238,0.002102804,-0.044748301,-0.004781188,-0.001686517,0.006174402
0.013367455,0.02402351,0.010656055,-0.012463655,0.0009038,0.011559855,-0.060134731,-0.0075759,-0.032824813,0.013125823,0.013152708,0.01442073
0.010290532,0.015978078,0.005687546,-0.008756203,0.001534329,0.007221875,0.001460598,0.00980919,0.001708287,0.006111774,0.00675797,0.009701179
0.000196713,-0.002007522,-0.002204235,0.000603603,0.000800316,-0.001403919,0.064715692,0.04128933,0.02101395,-0.027669393,-0.019972649,-0.005549772
-0.010992485,-0.022170173,-0.011177688,0.011054219,6.17E-05,-0.011115954,0.096178587,0.075570559,0.027978321,-0.037214229,-0.035704023,-0.025103512
-0.022554966,-0.029859642,-0.007304676,0.017471536,-0.00508343,-0.012388106,0.088145762,0.053048425,0.011799443,-0.045525155,-0.046770738,-0.037020292
-0.01243297,-0.002750589,0.009682381,0.005061186,-0.007371784,0.002310597,0.006328734,0.003860181,0.001446331,-0.02534446,-0.022754593,-0.01075267
0.008079531,0.010095513,0.002015982,-0.006058348,0.002021183,0.004037165,-0.038654671,-0.013580452,0.009779387,0.024177201,0.018739717,0.011073162
0.014348065,0.008836323,-0.005511741,-0.007728129,0.006619935,0.001108194,-0.032468645,-0.027208738,-0.014918181,0.029289201,0.029841092,0.019060503
-0.005945138,-0.002084363,0.003860774,0.0026765,-0.003268637,0.000592137,0.015500847,-0.000804263,-0.013570397,-0.019693284,-0.014495498,-0.007133678
-0.005789109,-0.004059086,0.001730023,0.003282732,-0.002506377,-0.000776354,0.020525735,0.026745392,0.029046569,0.000918923,-0.005621648,-0.006180904
0.005551152,-0.001724429,-0.007275581,-0.001275574,0.004275577,-0.003000003,-0.023315279,-0.013950262,-0.010724723,0.003407369,0.005405194,0.003502075
0.004868108,0.004075966,-0.000792142,-0.002981358,0.00188675,0.001094608,-0.01828519,-0.021268543,-0.028724242,-0.012174741,-0.005811011,-0.000560848
-0.001313586,0.004628415,0.005942,-0.001104943,-0.002418529,0.003523472,0.03146913,0.019596401,0.013374982,0.010471788,0.007037933,0.003219458
-0.011331424,-0.000987041,0.010344383,0.004106155,-0.007225269,0.003119114,0.047158056,0.016783096,0.032130992,0.024497962,0.017210487,0.009699239
-0.012229211,0.007847467,0.020076678,0.001460581,-0.01076863,0.009308049,-0.017699769,-0.015192469,0.021289966,0.019265405,0.011754247,0.002873363
0.001936606,0.017534234,0.015597628,-0.00649028,-0.004553674,0.011043954,-0.058997679,-0.024625276,0.017714861,0.024588026,0.027182739,0.024494802
0.002614549,0.022163104,0.019548555,-0.008259218,-0.005644669,0.013903887,-0.062209982,-0.027348239,0.010309817,0.018241938,0.019313581,0.012687977
0.005647867,0.011448814,0.005800946,-0.005698894,-5.10E-05,0.00574992,-0.044030095,-0.023083205,-0.003563082,0.002857998,0.012589324,0.010286445
0.007129864,0.008893504,0.00176364,-0.005341123,0.001788742,0.003552381,-0.033620551,-0.02463018,-0.013140581,-0.006369976,0.000717059,0.001395214
0.002373053,0.000777875,-0.001595178,-0.001050309,0.001322744,-0.000272434,-0.014149108,-0.009065436,-0.006633539,-0.00511941,-0.000389012,-0.00111946
-0.0035216,-0.002909075,0.000612525,0.002143558,-0.001378042,-0.000765517,-0.009533757,0.027066357,-0.004024144,-0.025269127,-0.01423337,-0.01128013
-0.002651789,-0.008229353,-0.005577563,0.003627047,0.000975258,-0.004602305,-0.021474197,0.025207119,0.006257384,-0.015309645,-0.008298708,-0.00665207
0.00330188,-0.006654586,-0.009956466,0.001117569,0.004419449,-0.005537018,-0.021276371,0.02756402,0.013829414,0.006006722,0.005940284,0.003415512
0.007777591,-0.001793284,-0.009570875,-0.001994769,0.005782822,-0.003788053,-0.019070197,0.029769281,0.001600695,0.009546447,0.008938204,0.007335611
0.003985045,0.004376774,0.000391728,-0.002787273,0.001197772,0.001589501,-0.022806804,0.031490074,-0.023490395,-0.007285155,-0.003365413,0.001417598
-0.001579015,0.007840328,0.009419343,-0.002087104,-0.00366612,0.005753224,-0.036203634,0.003247204,-0.056553498,-0.048581248,-0.02977454,-0.006045884
-0.009403491,0.01086917,0.020272662,-0.00048856,-0.009892051,0.010380611,-0.024451012,-0.031612319,-0.063853176,-0.073804083,-0.047615241,-0.012171424
-0.004525291,-0.000656821,0.003868471,0.001727371,-0.002797921,0.00107055,-0.008581783,-0.018766847,-0.036419602,-0.039247906,-0.020991394,-0.000944714
0.000605857,-0.003873394,-0.004479251,0.001089179,0.001695036,-0.002784215,-0.008238017,-0.011423693,-0.01097781,-0.013731082,-0.010914122,-0.006214987
0.00182011,0.00068364,-0.00113647,-0.000834583,0.000985527,-0.000150943,0.017480821,0.026158209,0.03833634,0.030821018,0.011428132,-0.002762976
0.003766596,0.003231612,-0.000534984,-0.002332736,0.00143386,0.000898876,0.001183449,0.013593655,0.0338242,0.044636505,0.0309788,0.01164626
-0.000770709,0.002933166,0.003703874,-0.000720819,-0.001491528,0.002212347,-0.007418403,-0.014938573,-0.022872974,-0.020136319,-0.007600891,-0.002026599
-0.001566208,-0.002754158,-0.00118795,0.001440122,-0.000126086,-0.001314036,0.00443218,0.004096241,-0.000386669,-0.009699587,-0.0122817,-0.004047457
0.000783136,0.003909958,0.003126822,-0.001564365,-0.000781229,0.002345593,-0.007611075,0.008552498,0.022798017,0.025321066,0.01266199,-9.46E-06
0.002797219,0.005429148,0.002631929,-0.002742122,5.51E-05,0.002687026,-0.006914557,-0.011288413,-0.009074401,-0.003853016,0.005343689,0.00527638
-0.000192857,-0.001491104,-0.001298246,0.00056132,0.000368463,-0.000929783,0.010946249,-0.011196494,-0.024580064,-0.02018949,-0.003362587,0.005108723
0.000436239,-0.011525537,-0.011961776,0.003696433,0.004132672,-0.007829104,0.042838695,0.009239938,-0.022504229,-0.018611675,-0.004746376,0.002296891
-0.01047947,-0.028544056,-0.018064586,0.013007842,0.002528372,-0.015536214,0.0714031,0.007909338,-0.036947537,-0.02866855,-0.014347506,-0.010073958
-0.014997539,-0.043246885,-0.028249347,0.019414808,0.004417269,-0.023832077,0.025896571,-0.028320723,-0.057354432,-0.046987777,-0.028291413,-0.021155512
-0.003457564,-0.034505176,-0.031047612,0.012654246,0.009196683,-0.021850929,-0.014018829,-0.013990477,-0.025774996,-0.022654601,-0.007954728,-0.003326294
0.00815649,-0.02128331,-0.029439799,0.004375607,0.012532096,-0.016907703,0.002100403,0.024124015,0.020546256,0.01176028,0.01064015,0.011187345
0.018057004,-0.006990147,-0.025047151,-0.003688952,0.014368052,-0.010679099,0.015517744,0.040762173,0.044947177,0.037729365,0.034257244,0.02593281
0.024481196,0.005259199,-0.019221997,-0.009913465,0.014567731,-0.004654266,0.026191547,0.042595295,0.044917619,0.041689216,0.03568644,0.028381052
0.017533345,0.000214938,-0.017318407,-0.005916095,0.011617251,-0.005701156,0.039135301,0.03981157,0.031720895,0.032290005,0.030723946,0.030613506
0.007839614,-0.003760504,-0.011600118,-0.001359703,0.00647991,-0.005120207,0.039062036,0.022537673,0.010814828,0.01589127,0.018723794,0.018269803
-0.000109171,-0.0138846,-0.013775428,0.00466459,0.004555419,-0.009220009,0.044185183,0.019434241,0.000810309,0.004167426,0.007141622,0.00882121
-0.011719574,-0.022833644,-0.01111407,0.011517739,-0.000201835,-0.011315905,0.05950695,0.019099837,-0.008037149,-0.004669646,-0.005585868,-0.005512513
-0.027007603,-0.038630586,-0.011622983,0.021879396,-0.005128207,-0.016751189,0.041534784,-0.012249626,-0.037382283,-0.032018916,-0.029760519,-0.02450177
-0.013500471,-0.024431092,-0.010930621,0.012643854,-0.000856617,-0.011787238,-0.025371136,-0.038850185,-0.039666057,-0.027414079,-0.015092949,-0.009887974
